,bp_se,bp_se_std,bp_cpmg,bp_cpmg_std,bp
0,-3.9382478820803444,0.0025464790894703278,-3.9490704182105936,0.0072585821958572345,-3.9489091335025077
1,-4.138146490603765,0.3435541472747693,-3.8064675892002553,0.006172257694678591,-3.8093342795428535
2,-3.553729539570326,0.007639437268410983,-3.564552075700574,0.023338866366239972,-3.566273152781316
3,-3.2163210602155075,0.04480826458429925,-3.23923937202074,0.011208847742587038,-3.2321100332486075
4,-2.798321194548947,0.06124136619724267,-2.834608521573899,0.0750401632601273,-2.8153812626089443
5,-2.258467627581238,0.08111345376075936,-2.3291324223140397,0.0465473113187835,-2.359152100124393
6,-1.8955943573317167,0.08697260652643665,-1.8230197032818123,0.2060190503630911,-1.8143844857023093
7,-1.6600450415557118,0.5972816781460136,-1.4505971364467773,0.15133082703658154,-1.2232676335131574
8,0.10567888221301848,0.5206304367004683,-0.10758874153012124,0.6763988464303008,-0.640417246219325
