,bp_se,bp_se_std,bp_cpmg,bp_cpmg_std,bp
0,-3.93824788208,0.00254647908947,-3.94907041821,0.00725858219586,-3.9489091335
1,-4.1381464906,0.343554147275,-3.8064675892,0.00617225769468,-3.80933427954
2,-3.55372953957,0.00763943726841,-3.5645520757,0.0233388663662,-3.56627315278
3,-3.21632106022,0.0448082645843,-3.23923937202,0.0112088477426,-3.23211003325
4,-2.79832119455,0.0612413661972,-2.83460852157,0.0750401632601,-2.81538126261
5,-2.25846762758,0.0811134537608,-2.32913242231,0.0465473113188,-2.35915210012
6,-1.89559435733,0.0869726065264,-1.82301970328,0.206019050363,-1.8143844857
7,-1.66004504156,0.597281678146,-1.45059713645,0.151330827037,-1.22326763351
8,0.105678882213,0.5206304367,-0.10758874153,0.67639884643,-0.640417246219
