,bp_scheme1_se,bp_scheme1_se_std,bp_scheme1_cpmg,bp_scheme1_cpmg_std,bp_scheme2,bp_scheme2_std,bp
0,-3.92869858549,0.00324613664204,-3.94843379844,0.00509295817894,-3.94792684106,0.0046781808074,-3.9489091335
1,-3.76699716331,0.00371209926798,-3.77845631922,0.00155939360247,-3.79768457478,0.00381971863421,-3.80933427954
2,-3.49898023915,0.014738813308,-3.51680559277,0.00617225769468,-3.54876624378,0.00517192347986,-3.56627315278
3,-3.13801682821,0.00422285783813,-3.15775204116,0.00714603922154,-3.2234535401,0.00238201307385,-3.23211003325
4,-2.65444512599,0.00476402614769,-2.65762822486,0.00554992250642,-2.83957181736,0.00590376889563,-2.81538126261
5,-2.09612958563,0.00736940665402,-2.11268169971,0.00590376889563,-2.34682811355,0.0135646330394,-2.35915210012
6,-1.53654080572,0.00517192347986,-1.54990982094,0.00431776536998,-1.74930147208,0.00891267681315,-1.8143844857
7,-0.889357821998,0.00913721266696,-0.888084582453,0.00725858219586,-1.17889015604,0.0198682493308,-1.22326763351
8,-0.198625368979,0.00254647908947,-0.204991566702,0.00891267681315,-0.367966228428,0.00769230597722,-0.640417246219
