,bp_scheme1_se,bp_scheme1_se_std,bp_scheme1_cpmg,bp_scheme1_cpmg_std,bp_scheme2,bp_scheme2_std,bp
0,-3.9286985854948306,0.0032461366420412944,-3.948433798438226,0.005092958178940651,-3.9479268410553288,0.004678180807402057,-3.9489091335025077
1,-3.7669971633134653,0.0037120992679827358,-3.778456319216082,0.0015593936024673538,-3.7976845747765795,0.003819718634205472,-3.8093342795428535
2,-3.4989802391467135,0.01473881330803711,-3.5168055927730055,0.006172257694678591,-3.548766243780855,0.005171923479864838,-3.566273152781316
3,-3.138016828214295,0.004222857838129459,-3.1577520411576896,0.007146039221536542,-3.223453540101021,0.002382013073845508,-3.2321100332486075
4,-2.654445125993874,0.004764026147691016,-2.6576282248557113,0.005549922506420294,-2.8395718173633697,0.005903768895626273,-2.8153812626089443
5,-2.0961295856275046,0.0073694066540185635,-2.112681699709062,0.005903768895626265,-2.3468281135508615,0.013564633039433336,-2.359152100124393
6,-1.536540805716401,0.005171923479864838,-1.5499098209361202,0.004317765369979034,-1.7493014720766433,0.008912676813146156,-1.8143844857023093
7,-0.8893578219975112,0.009137212666961736,-0.888084582452776,0.007258582195857217,-1.1788901560352902,0.019868249330792783,-1.2232676335131574
8,-0.19862536897868538,0.0025464790894703278,-0.20499156670236118,0.008912676813146147,-0.367966228428462,0.007692305977216784,-0.640417246219325
